filename,time
Image_1.jpg,04:05
Image_2.jpg,10:10
Image_3.jpg,08:00
Image_4.jpg,10:10
Image_5.jpg,10:09
Image_6.jpg,01:50
Image_7.jpg,01:50
Image_8.jpg,10:10
Image_9.jpg,01:50
Image_10.jpg,10:10
Image_11.jpg,06:52
Image_12.jpg,12:00
Image_13.jpg,09:07
Image_14.jpg,03:07
Image_15.jpg,10:08
Image_16.jpg,12:00
Image_17.jpg,10:08
Image_18.jpg,10:08
Image_19.jpg,03:07
Image_20.jpg,03:07
Image_21.jpg,04:00
Image_22.jpg,12:08
Image_23.jpg,10:08
Image_24.jpg,01:50
Image_25.jpg,08:25
Image_26.jpg,10:10
Image_27.jpg,08:25
Image_28.jpg,10:10
Image_29.jpg,10:10
Image_30.jpg,10:10
Image_31.jpg,11:15
Image_32.jpg,10:11
Image_33.jpg,01:25
Image_34.jpg,10:10
Image_35.jpg,10:07
Image_36.jpg,10:10
Image_37.jpg,10:10
Image_38.jpg,01:25
Image_39.jpg,10:10
Image_40.jpg,10:10
Image_41.jpg,04:00
Image_42.jpg,10:10
Image_43.jpg,10:10
Image_44.jpg,10:00
Image_45.jpg,10:00
Image_46.jpg,10:10
Image_47.jpg,03:20
Image_48.jpg,10:10
Image_49.jpg,07:52
Image_50.jpg,04:00
Image_51.jpg,09:07
Image_52.jpg,03:07
Image_53.jpg,10:10
Image_54.jpg,03:07
Image_55.jpg,10:08
Image_56.jpg,09:09
Image_57.jpg,10:08
Image_58.jpg,04:00
Image_59.jpg,02:39
Image_60.jpg,08:04
Image_61.jpg,10:10
Image_62.jpg,10:10
Image_63.jpg,02:33
Image_64.jpg,01:52
Image_65.jpg,10:00
Image_66.jpg,11:15
Image_67.jpg,01:50
Image_68.jpg,10:10
Image_69.jpg,01:50
Image_70.jpg,11:55
Image_71.jpg,10:12
Image_72.jpg,01:50
Image_73.jpg,10:12
Image_74.jpg,10:08
Image_75.jpg,04:05
Image_76.jpg,10:09
Image_77.jpg,08:00
Image_78.jpg,10:09
Image_79.jpg,10:08
Image_80.jpg,10:05
Image_81.jpg,10:12
Image_82.jpg,10:07
Image_83.jpg,10:08
Image_84.jpg,03:00
Image_85.jpg,03:00
Image_86.jpg,10:09
Image_87.jpg,05:00
Image_88.jpg,11:40
Image_89.jpg,09:00
Image_90.jpg,05:15
Image_91.jpg,10:10
Image_92.jpg,03:08
Image_93.jpg,10:06
Image_94.jpg,10:10
Image_95.jpg,04:00
Image_96.jpg,04:00
Image_97.jpg,01:48
Image_98.jpg,01:53
Image_99.jpg,07:53
Image_100.jpg,10:09
Image_101.jpg,09:29
Image_102.jpg,04:15
Image_103.jpg,10:10
Image_104.jpg,06:00
Image_105.jpg,10:00
Image_106.jpg,11:01
Image_107.jpg,06:00
Image_108.jpg,06:00
Image_109.jpg,10:00
Image_110.jpg,09:29
Image_111.jpg,03:00
Image_112.jpg,03:00
Image_113.jpg,10:10
Image_114.jpg,10:10
Image_115.jpg,10:11
Image_116.jpg,04:00
Image_117.jpg,10:10
Image_118.jpg,03:56
Image_119.jpg,03:03
Image_120.jpg,03:57
Image_121.jpg,10:00
Image_122.jpg,02:34
Image_123.jpg,01:00
Image_124.jpg,12:20
Image_125.jpg,09:29
Image_126.jpg,02:26
Image_127.jpg,08:00
Image_128.jpg,08:00
Image_129.jpg,12:00
Image_130.jpg,10:10
Image_131.jpg,10:10
Image_132.jpg,03:00
Image_133.jpg,09:29
Image_134.jpg,10:00
Image_135.jpg,10:08
Image_136.jpg,08:00
Image_137.jpg,03:00
Image_138.jpg,10:10
Image_139.jpg,09:00
Image_140.jpg,10:12
Image_141.jpg,06:00
Image_142.jpg,10:00
Image_143.jpg,10:05
Image_144.jpg,02:00
Image_145.jpg,10:08
Image_146.jpg,10:10
Image_147.jpg,10:00
Image_148.jpg,09:29
Image_149.jpg,10:09
Image_150.jpg,10:12
Image_151.jpg,10:07
Image_152.jpg,10:10
Image_153.jpg,10:00
Image_154.jpg,10:14
Image_155.jpg,10:08
Image_156.jpg,10:08
Image_157.jpg,06:00
Image_158.jpg,10:00
Image_159.jpg,09:29
Image_160.jpg,01:50
Image_161.jpg,10:10
Image_162.jpg,10:08
Image_163.jpg,04:06
Image_164.jpg,10:00
Image_165.jpg,06:00
Image_166.jpg,10:15
Image_167.jpg,10:10
Image_168.jpg,11:15
Image_169.jpg,09:29
Image_170.jpg,10:10
Image_171.jpg,11:20
Image_172.jpg,10:10
Image_173.jpg,03:03
Image_174.jpg,10:10
Image_175.jpg,11:20
Image_176.jpg,02:50
Image_177.jpg,04:00
Image_178.jpg,04:00
Image_179.jpg,02:50
Image_180.jpg,04:00
Image_181.jpg,06:00
Image_182.jpg,06:00
Image_183.jpg,06:00
Image_184.jpg,10:00
Image_185.jpg,10:10
Image_186.jpg,12:10
Image_187.jpg,10:30
Image_188.jpg,07:30
Image_189.jpg,12:01
Image_190.jpg,11:45
Image_191.jpg,12:15
Image_192.jpg,12:01
Image_193.jpg,12:15
Image_194.jpg,10:12
Image_195.jpg,10:10
Image_196.jpg,11:30
Image_197.jpg,10:10
Image_198.jpg,03:30
Image_199.jpg,04:30
Image_200.jpg,05:30